Timber Ratio,Furnace Area,Test Time,Fuel Consumption
0.0,130.0,2.0,1.84767442792e+11,
0.0,130.0,1.75,1.78548887612e+11,
0.0,130.0,1.5,1.71934261043e+11,
0.0,130.0,1.25,1.64749583178e+11,
0.0,130.0,1.0,1.56708554398e+11,
0.0,130.0,0.75,1.47289082459e+11,
0.0,130.0,0.5,1.35348674203e+11,
0.0,130.0,0.25,1.17298185168e+11,
0.0,70.0,2.0,43633400427.4,
0.0,70.0,1.75,40582866557.8,
0.0,70.0,1.5,37522966839.0,
0.0,70.0,1.25,34425640973.6,
0.0,70.0,1.0,31245157699.9,
0.0,70.0,0.75,27900740543.6,
0.0,70.0,0.5,24221596590.4,
0.0,70.0,0.25,19674490081.6,
0.0,80.0,2.0,56948579968.9,
0.0,80.0,1.75,53561693626.5,
0.0,80.0,1.5,50129435408.1,
0.0,80.0,1.25,46609786033.5,
0.0,80.0,1.0,42934110107.2,
0.0,80.0,0.75,38980069481.5,
0.0,80.0,0.5,34486616443.9,
0.0,80.0,0.25,28639829394.9,
0.0,110.0,2.0,1.19634886434e+11,
0.0,110.0,1.75,1.14813179541e+11,
0.0,110.0,1.5,1.09774773181e+11,
0.0,110.0,1.25,1.04412530209e+11,
0.0,110.0,1.0,98550643559.6,
0.0,110.0,0.75,91870679189.3,
0.0,110.0,0.5,83681001254.2,
0.0,110.0,0.25,71816177009.5,
0.0,100.0,2.0,94509920347.7,
0.0,100.0,1.75,90245995601.9,
0.0,100.0,1.5,85834312379.8,
0.0,100.0,1.25,81193705331.2,
0.0,100.0,1.0,76191182799.4,
0.0,100.0,0.75,70586901243.1,
0.0,100.0,0.5,63862438748.6,
0.0,100.0,0.25,54397588372.2,
0.0,90.0,2.0,73760891981.9,
0.0,90.0,1.75,69972375165.5,
0.0,90.0,1.5,66092799273.2,
0.0,90.0,1.25,62062570321.1,
0.0,90.0,1.0,57784187256.1,
0.0,90.0,0.75,53082723515.8,
0.0,90.0,0.5,47582264531.7,
0.0,90.0,0.25,40109833558.3,
0.0,120.0,2.0,1.49574576224e+11,
0.0,120.0,1.75,1.44104156369e+11,
0.0,120.0,1.5,1.38334661429e+11,
0.0,120.0,1.25,1.32128159973e+11,
0.0,120.0,1.0,1.25257985049e+11,
0.0,120.0,0.75,1.17312075951e+11,
0.0,120.0,0.5,1.0739179937e+11,
0.0,120.0,0.25,92678681864.2,
0.0,150.0,2.0,2.72665485066e+11,
0.0,150.0,1.75,2.64618686566e+11,
0.0,150.0,1.5,2.5593320139e+11,
0.0,150.0,1.25,2.46345443907e+11,
0.0,150.0,1.0,2.35420603391e+11,
0.0,150.0,0.75,2.22361828449e+11,
0.0,150.0,0.5,2.05416007211e+11,
0.0,150.0,0.25,1.7906051627e+11,
0.0,140.0,2.0,2.25651716346e+11,
0.0,140.0,1.75,2.18577167115e+11,
0.0,140.0,1.5,2.10993740596e+11,
0.0,140.0,1.25,2.02685718111e+11,
0.0,140.0,1.0,1.93297663002e+11,
0.0,140.0,0.75,1.82179676274e+11,
0.0,140.0,0.5,1.67905464296e+11,
0.0,140.0,0.25,1.45987769185e+11,
0.01,110.0,2.0,1.17828282522e+11,
0.01,110.0,1.75,1.13248863991e+11,
0.01,110.0,1.5,1.08452766618e+11,
0.01,110.0,1.25,1.03333633063e+11,
0.01,110.0,1.0,97716710738.8,
0.01,110.0,0.75,91283745120.6,
0.01,110.0,0.5,83340824479.6,
0.01,110.0,0.25,71717201517.0,
0.01,90.0,2.0,72281232014.9,
0.01,90.0,1.75,68692828574.3,
0.01,90.0,1.5,65012833363.3,
0.01,90.0,1.25,61182361151.1,
0.01,90.0,1.0,57104382352.3,
0.01,90.0,0.75,52604310987.1,
0.01,90.0,0.5,47304689596.7,
0.01,90.0,0.25,40028855883.3,
0.01,80.0,2.0,55627467624.0,
0.01,80.0,1.75,52420833016.5,
0.01,80.0,1.5,49168095050.1,
0.01,80.0,1.25,45827432422.5,
0.01,80.0,1.0,42330597050.9,
0.01,80.0,0.75,38555630160.1,
0.01,80.0,0.5,34240302169.0,
0.01,80.0,0.25,28567851888.9,
0.01,100.0,2.0,92867903084.3,
0.01,100.0,1.75,88824937557.5,
0.01,100.0,1.5,84633917310.0,
0.01,100.0,1.25,80214503925.0,
0.01,100.0,1.0,75434486520.0,
0.01,100.0,0.75,70054286364.2,
0.01,100.0,0.5,63553567814.4,
0.01,100.0,0.25,54307611493.2,
0.01,70.0,2.0,42466142785.4,
0.01,70.0,1.75,39577213263.3,
0.01,70.0,1.5,36677631761.6,
0.01,70.0,1.25,33739365332.8,
0.01,70.0,1.0,30716919882.3,
0.01,70.0,0.75,27529841603.4,
0.01,70.0,0.5,24006453847.9,
0.01,70.0,0.25,19611514382.4,
0.01,140.0,2.0,2.23344445783e+11,
0.01,140.0,1.75,2.16577995989e+11,
0.01,140.0,1.5,2.09303360823e+11,
0.01,140.0,1.25,2.01305788332e+11,
0.01,140.0,1.0,1.92231176441e+11,
0.01,140.0,0.75,1.81429573072e+11,
0.01,140.0,0.5,1.67471399654e+11,
0.01,140.0,0.25,1.45861799618e+11,
0.02,90.0,2.0,70809490151.1,
0.02,90.0,1.75,67419472753.9,
0.02,90.0,1.5,63937331414.5,
0.02,90.0,1.25,60304971326.1,
0.02,90.0,1.0,56426133464.8,
0.02,90.0,0.75,52126575453.5,
0.02,90.0,0.5,47027280183.2,
0.02,90.0,0.25,39947876977.1,
0.01,120.0,2.0,1.47601936368e+11,
0.01,120.0,1.75,1.42395500384e+11,
0.01,120.0,1.5,1.36890282128e+11,
0.01,120.0,1.25,1.30949139036e+11,
0.01,120.0,1.0,1.24346621527e+11,
0.02,80.0,2.0,54315406604.2,
0.01,120.0,0.75,1.16670767437e+11,
0.02,80.0,1.75,51286728828.1,
0.01,120.0,0.5,1.07020318756e+11,
0.02,80.0,1.5,48211486650.8,
0.01,120.0,0.25,92570708131.6,
0.02,80.0,1.25,45048114143.6,
0.02,80.0,1.0,41728785909.3,
0.02,80.0,0.75,38131943946.5,
0.02,80.0,0.5,33994177024.6,
0.02,80.0,0.25,28495873004.8,
0.01,130.0,2.0,1.82627806779e+11,
0.01,130.0,1.75,1.7669519779e+11,
0.01,130.0,1.5,1.70367030669e+11,
0.01,130.0,1.25,1.6347018234e+11,
0.01,130.0,1.0,1.55719655311e+11,
0.01,130.0,0.75,1.46593378064e+11,
0.01,130.0,0.5,1.3494589697e+11,
0.01,130.0,0.25,1.17181213437e+11,
0.02,70.0,2.0,41307838453.7,
0.02,70.0,1.75,38578378252.4,
0.02,70.0,1.5,35837181724.9,
0.02,70.0,1.25,33056297949.0,
0.02,70.0,1.0,30190525349.5,
0.02,70.0,0.75,27159779679.8,
0.02,70.0,0.5,23791528920.4,
0.02,70.0,0.25,19548537125.7,
0.01,150.0,2.0,2.70190156384e+11,
0.01,150.0,1.75,2.62473746154e+11,
0.01,150.0,1.5,2.54119487168e+11,
0.01,150.0,1.25,2.44864903014e+11,
0.01,150.0,1.0,2.34276508906e+11,
0.01,150.0,0.75,2.2155733348e+11,
0.01,150.0,0.5,2.04950664789e+11,
0.01,150.0,0.25,1.78925548975e+11,
0.02,150.0,2.0,2.67720103939e+11,
0.02,150.0,1.75,2.60332780781e+11,
0.02,150.0,1.5,2.52308687545e+11,
0.02,150.0,1.25,2.43386153778e+11,
0.02,150.0,1.0,2.33133372441e+11,
0.02,150.0,0.75,2.20753240361e+11,
0.02,150.0,0.5,2.04485412803e+11,
0.02,150.0,0.25,1.78790580944e+11,
0.03,70.0,2.0,40158710993.7,
0.03,70.0,1.75,37586512886.2,
0.03,70.0,1.5,35001711069.6,
0.03,70.0,1.25,32376491205.8,
0.03,70.0,1.0,29665998614.0,
0.03,70.0,0.75,26790563563.2,
0.03,70.0,0.5,23576824032.9,
0.03,70.0,0.25,19485558305.2,
0.02,120.0,2.0,1.45635656639e+11,
0.02,120.0,1.75,1.40691662468e+11,
0.02,120.0,1.5,1.35449448465e+11,
0.02,120.0,1.25,1.29772337985e+11,
0.02,120.0,1.0,1.23436455325e+11,
0.02,120.0,0.75,1.16029966609e+11,
0.02,120.0,0.5,1.06648955953e+11,
0.02,120.0,0.25,92462733474.2,
0.02,110.0,2.0,1.16028482416e+11,
0.02,110.0,1.75,1.11689729661e+11,
0.02,110.0,1.5,1.07134592141e+11,
0.02,110.0,1.25,1.02257136914e+11,
0.02,110.0,1.0,96884079618.4,
0.02,110.0,0.75,90697366324.3,
0.02,110.0,0.5,83000778390.6,
0.02,110.0,0.25,71618225014.7,
0.02,100.0,2.0,91233188558.2,
0.02,100.0,1.75,87409491748.4,
0.02,100.0,1.5,83437683522.8,
0.02,140.0,2.0,2.2104277571e+11,
0.02,100.0,1.25,79237904958.3,
0.02,140.0,1.75,2.14583047656e+11,
0.02,100.0,1.0,74679211455.4,
0.02,140.0,1.5,2.07616077785e+11,
0.02,100.0,0.75,69522282727.6,
0.02,140.0,1.25,1.99927775744e+11,
0.02,100.0,0.5,63244843212.1,
0.02,140.0,1.0,1.91165717197e+11,
0.02,100.0,0.25,54217633503.8,
0.02,140.0,0.75,1.80679901981e+11,
0.02,140.0,0.5,1.67037433105e+11,
0.02,140.0,0.25,1.45735829261e+11,
0.02,130.0,2.0,1.80494131283e+11,
0.02,130.0,1.75,1.74846009724e+11,
0.02,130.0,1.5,1.68803104937e+11,
0.02,130.0,1.25,1.62192840692e+11,
0.02,130.0,1.0,1.54731862714e+11,
0.02,130.0,0.75,1.45898140717e+11,
0.02,130.0,0.5,1.34543226838e+11,
0.02,130.0,0.25,1.17064240855e+11,
0.03,80.0,2.0,53011996622.7,
0.03,80.0,1.75,50159501567.8,
0.03,80.0,1.5,47259683375.6,
0.03,80.0,1.25,44271870716.5,
0.03,80.0,1.0,41128694663.7,
0.03,80.0,0.75,37709017125.8,
0.03,80.0,0.5,33748242597.6,
0.03,80.0,0.25,28423892737.9,
0.03,90.0,2.0,69345541472.7,
0.03,90.0,1.75,66152141424.6,
0.03,90.0,1.5,62866349851.1,
0.03,90.0,1.25,59430430778.5,
0.03,90.0,1.0,55749453971.8,
0.03,90.0,0.75,51649521524.8,
0.03,90.0,0.5,46750037467.3,
0.03,90.0,0.25,39866896835.7,
0.03,100.0,2.0,89605737553.9,
0.03,100.0,1.75,85999585501.3,
0.03,100.0,1.5,82245559696.6,
0.03,100.0,1.25,78263931382.1,
0.03,100.0,1.0,73925367744.9,
0.03,100.0,0.75,68990893802.7,
0.03,100.0,0.5,62936265843.4,
0.03,100.0,0.25,54127654400.6,
0.03,130.0,2.0,1.78366410783e+11,
0.03,130.0,1.75,1.73001299981e+11,
0.03,130.0,1.5,1.67242448059e+11,
0.03,130.0,1.25,1.60917569527e+11,
0.03,130.0,1.0,1.53745181506e+11,
0.03,130.0,0.75,1.45203372082e+11,
0.03,130.0,0.5,1.3414066426e+11,
0.03,130.0,0.25,1.16947267418e+11,
0.03,140.0,2.0,2.18746701469e+11,
0.03,140.0,1.75,2.12592302719e+11,
0.03,140.0,1.5,2.05931861975e+11,
0.03,140.0,1.25,1.9855168951e+11,
0.03,140.0,1.0,1.90101289232e+11,
0.03,140.0,0.75,1.79930664345e+11,
0.03,140.0,0.5,1.66603565018e+11,
0.03,140.0,0.25,1.45609858112e+11,
0.03,110.0,2.0,1.14235470208e+11,
0.03,110.0,1.75,1.10135733594e+11,
0.03,110.0,1.5,1.05820187812e+11,
0.03,110.0,1.25,1.01183059612e+11,
0.03,110.0,1.0,96052758019.2,
0.03,110.0,0.75,90111545462.7,
0.03,110.0,0.5,82660863688.6,
0.03,110.0,0.25,71519247499.9,
0.03,120.0,2.0,1.43675728849e+11,
0.03,120.0,1.75,1.38992612495e+11,
0.03,120.0,1.5,1.34012115066e+11,
0.03,120.0,1.25,1.28597770914e+11,
0.03,120.0,1.0,1.22527492582e+11,
0.03,120.0,0.75,1.15389675551e+11,
0.03,120.0,0.5,1.06277711517e+11,
0.03,120.0,0.25,92354757889.5,
0.04,100.0,2.0,87985536024.9,
0.04,100.0,1.75,84595170979.8,
0.04,100.0,1.5,81057458869.4,
0.04,100.0,1.25,77292606148.2,
0.04,100.0,1.0,73172965521.4,
0.04,100.0,0.75,68460123043.7,
0.04,100.0,0.5,62627836592.1,
0.04,100.0,0.25,54037674180.3,
0.03,150.0,2.0,2.65255323299e+11,
0.03,150.0,1.75,2.58195773786e+11,
0.03,150.0,1.5,2.50500777631e+11,
0.03,150.0,1.25,2.41909203727e+11,
0.03,150.0,1.0,2.3199119724e+11,
0.03,150.0,0.75,2.19949550192e+11,
0.03,150.0,0.5,2.04020251559e+11,
0.03,150.0,0.25,1.78655612176e+11,
0.04,120.0,2.0,1.41722153032e+11,
0.04,120.0,1.75,1.37298328399e+11,
0.04,120.0,1.5,1.32578244484e+11,
0.04,120.0,1.25,1.27425451932e+11,
0.04,120.0,1.0,1.21619739448e+11,
0.04,120.0,0.75,1.14749896353e+11,
0.04,120.0,0.5,1.0590658601e+11,
0.04,120.0,0.25,92246781375.1,
0.04,110.0,2.0,1.12449243292e+11,
0.04,110.0,1.75,1.08586845908e+11,
0.04,110.0,1.5,1.04509504579e+11,
0.04,110.0,1.25,1.00111419018e+11,
0.04,110.0,1.0,95222753764.0,
0.04,110.0,0.75,89526285194.7,
0.04,110.0,0.5,82321081069.0,
0.04,110.0,0.25,71420268969.7,
0.04,80.0,2.0,51716823408.7,
0.04,80.0,1.75,49038923574.1,
0.04,80.0,1.5,46312758416.8,
0.04,80.0,1.25,43498741694.5,
0.04,80.0,1.0,40530341308.5,
0.04,80.0,0.75,37286855975.3,
0.04,80.0,0.5,33502500459.0,
0.04,80.0,0.25,28351911083.1,
0.04,90.0,2.0,67889327610.6,
0.04,90.0,1.75,64890734406.8,
0.04,90.0,1.5,61799840595.1,
0.04,90.0,1.25,58558769460.4,
0.04,90.0,1.0,55074357260.8,
0.04,90.0,0.75,51173153807.7,
0.04,90.0,0.5,46472962616.8,
0.04,90.0,0.25,39785915454.9,
0.04,70.0,2.0,39018984398.5,
0.04,70.0,1.75,36601768783.6,
0.04,70.0,1.5,34171314291.4,
0.04,70.0,1.25,31699997568.1,
0.04,70.0,1.0,29143364210.9,
0.04,70.0,0.75,26422202027.1,
0.04,70.0,0.5,23362341378.3,
0.04,70.0,0.25,19422577914.7,
0.04,130.0,2.0,1.76244645289e+11,
0.04,130.0,1.75,1.71161050547e+11,
0.04,130.0,1.5,1.65685029568e+11,
0.04,130.0,1.25,1.59644380139e+11,
0.04,130.0,1.0,1.52759616586e+11,
0.04,130.0,0.75,1.44509073819e+11,
0.04,130.0,0.5,1.33738209685e+11,
0.04,130.0,0.25,1.16830293124e+11,
0.04,150.0,2.0,2.62795812955e+11,
0.04,150.0,1.75,2.56062711365e+11,
0.04,150.0,1.5,2.48695735178e+11,
0.04,150.0,1.25,2.404340604e+11,
0.04,150.0,1.0,2.30849986563e+11,
0.04,150.0,0.75,2.19146264083e+11,
0.05,70.0,2.0,37888882670.1,
0.04,150.0,0.5,2.03555181371e+11,
0.05,70.0,1.75,35624297607.6,
0.04,150.0,0.25,1.78520642669e+11,
0.05,70.0,1.5,33346085952.3,
0.05,70.0,1.25,31026869557.7,
0.05,70.0,1.0,28622646699.5,
0.05,70.0,0.75,26054703838.1,
0.05,70.0,0.5,23148083127.5,
0.05,70.0,0.25,19359595947.7,
0.05,80.0,2.0,50429779180.9,
0.05,80.0,1.75,47924620027.6,
0.05,80.0,1.5,45370784940.3,
0.05,80.0,1.25,42728766647.0,
0.05,80.0,1.0,39933743846.9,
0.05,80.0,0.75,36865466764.7,
0.05,80.0,0.5,33256952163.6,
0.05,80.0,0.25,28279928035.5,
0.05,90.0,2.0,66440832803.2,
0.05,90.0,1.75,63635193747.6,
0.05,90.0,1.5,60737632842.5,
0.05,90.0,1.25,57690017329.8,
0.05,90.0,1.0,54400856721.3,
0.05,90.0,0.75,50697476900.3,
0.05,90.0,0.5,46196056785.9,
0.05,90.0,0.25,39704932830.6,
0.04,140.0,2.0,2.16456222346e+11,
0.04,140.0,1.75,2.10605745643e+11,
0.04,140.0,1.5,2.04250687678e+11,
0.04,140.0,1.25,1.97177538806e+11,
0.04,140.0,1.0,1.89037896519e+11,
0.04,140.0,0.75,1.79181861517e+11,
0.04,140.0,0.5,1.6616979577e+11,
0.04,140.0,0.25,1.4548388617e+11,
0.05,100.0,2.0,86372588747.8,
0.05,100.0,1.75,83196218892.5,
0.05,100.0,1.5,79873327433.9,
0.05,100.0,1.25,76323952230.6,
0.05,100.0,1.0,72422014936.0,
0.05,100.0,0.75,67929973916.1,
0.05,100.0,0.5,62319556350.3,
0.05,100.0,0.25,53947692839.2,
0.06,80.0,2.0,49150842397.0,
0.06,80.0,1.75,46816517330.1,
0.06,80.0,1.5,44433605719.6,
0.06,80.0,1.25,41961985140.8,
0.06,80.0,1.0,39338920286.6,
0.06,80.0,0.75,36444855754.8,
0.06,80.0,0.5,33011599250.3,
0.06,80.0,0.25,28207943589.6,
0.05,130.0,2.0,1.74128839583e+11,
0.05,130.0,1.75,1.69325248073e+11,
0.05,130.0,1.5,1.64130823575e+11,
0.05,130.0,1.25,1.58373283828e+11,
0.05,130.0,1.0,1.51775172854e+11,
0.05,130.0,0.75,1.43815247588e+11,
0.05,130.0,0.5,1.33335863559e+11,
0.05,130.0,0.25,1.16713317971e+11,
0.06,70.0,2.0,36768437028.8,
0.06,70.0,1.75,34654250827.9,
0.06,70.0,1.5,32526120575.5,
0.06,70.0,1.25,30357159714.2,
0.06,70.0,1.0,28103870652.0,
0.06,70.0,0.75,25688077752.3,
0.06,70.0,0.5,22934051428.6,
0.06,70.0,0.25,19296612397.6,
0.05,110.0,2.0,1.10669809746e+11,
0.05,110.0,1.75,1.07043047211e+11,
0.05,110.0,1.5,1.03202503706e+11,
0.05,110.0,1.25,99042232996.1,
0.05,110.0,1.0,94394074677.0,
0.05,110.0,0.75,88941588175.5,
0.05,110.0,0.5,81981431221.8,
0.05,110.0,0.25,71321289420.9,
0.05,150.0,2.0,2.60341573976e+11,
0.05,150.0,1.75,2.53933582236e+11,
0.05,150.0,1.5,2.46893540452e+11,
0.05,150.0,1.25,2.3896073132e+11,
0.05,150.0,1.0,2.29709743648e+11,
0.05,150.0,0.75,2.18343383125e+11,
0.05,150.0,0.5,2.03090202532e+11,
0.05,150.0,0.25,1.78385672421e+11,
0.05,140.0,2.0,2.14171341078e+11,
0.05,140.0,1.75,2.08623364262e+11,
0.05,140.0,1.5,2.02572532487e+11,
0.05,140.0,1.25,1.95805332794e+11,
0.05,140.0,1.0,1.87975543012e+11,
0.05,140.0,0.75,1.78433494829e+11,
0.05,140.0,0.5,1.65736125719e+11,
0.05,140.0,0.25,1.45357913431e+11,
0.05,120.0,2.0,1.39774936087e+11,
0.05,120.0,1.75,1.3560879484e+11,
0.05,120.0,1.5,1.31147805879e+11,
0.05,120.0,1.25,1.2625539514e+11,
0.05,120.0,1.0,1.20713202055e+11,
0.05,120.0,0.75,1.14110631088e+11,
0.05,120.0,0.5,1.05535579973e+11,
0.05,120.0,0.25,92138803928.3,
0.06,120.0,2.0,1.3783409075e+11,
0.06,120.0,1.75,1.3392400219e+11,
0.06,120.0,1.5,1.29720774012e+11,
0.06,120.0,1.25,1.2508761465e+11,
0.06,120.0,1.0,1.19807886554e+11,
0.06,120.0,0.75,1.13471881839e+11,
0.06,120.0,0.5,1.05164693959e+11,
0.06,120.0,0.25,92030825546.4,
0.06,150.0,2.0,2.57892609787e+11,
0.06,150.0,1.75,2.51808377416e+11,
0.06,150.0,1.5,2.45094175973e+11,
0.06,150.0,1.25,2.37489224031e+11,
0.06,150.0,1.0,2.28570471752e+11,
0.06,150.0,0.75,2.17540908425e+11,
0.06,150.0,0.5,2.02625315352e+11,
0.06,150.0,0.25,1.7825070143e+11,
0.06,100.0,2.0,84766914918.3,
0.06,100.0,1.75,81802714131.0,
0.06,100.0,1.5,78693125762.9,
0.06,100.0,1.25,75357992590.8,
0.06,100.0,1.0,71672526127.4,
0.06,100.0,0.75,67400449866.0,
0.06,100.0,0.5,62011425987.4,
0.06,100.0,0.25,53857710373.9,
0.06,140.0,2.0,2.11892063475e+11,
0.06,140.0,1.75,2.06645149418e+11,
0.06,140.0,1.5,2.00897376935e+11,
0.06,140.0,1.25,1.94435080647e+11,
0.06,140.0,1.0,1.86914232678e+11,
0.06,140.0,0.75,1.77685565622e+11,
0.06,140.0,0.5,1.65302555228e+11,
0.06,140.0,0.25,1.45231939895e+11,
0.06,130.0,2.0,1.72019002584e+11,
0.06,130.0,1.75,1.67493883257e+11,
0.06,130.0,1.5,1.62579808159e+11,
0.06,130.0,1.25,1.57104291898e+11,
0.06,130.0,1.0,1.50791855211e+11,
0.06,130.0,0.75,1.43121895046e+11,
0.06,130.0,0.5,1.32933626325e+11,
0.06,130.0,0.25,1.16596341957e+11,
0.06,90.0,2.0,65000070288.3,
0.06,90.0,1.75,62385490172.4,
0.06,90.0,1.5,59679665601.2,
0.06,90.0,1.25,56824204344.1,
0.06,90.0,1.0,53728965745.8,
0.06,90.0,0.75,50222495394.3,
0.06,90.0,0.5,45919321118.2,
0.06,90.0,0.25,39623948958.5,
0.06,110.0,2.0,1.08897186361e+11,
0.06,110.0,1.75,1.05504326654e+11,
0.06,110.0,1.5,1.01899154856e+11,
0.06,110.0,1.25,97975519419.7,
0.06,110.0,1.0,93566728590.3,
0.06,110.0,0.75,88357457063.2,
0.06,110.0,0.5,81641914837.9,
0.06,110.0,0.25,71222308850.6,
0.07,130.0,2.0,1.69915146833e+11,
0.07,130.0,1.75,1.65666950331e+11,
0.07,130.0,1.5,1.6103196486e+11,
0.07,130.0,1.25,1.55837415653e+11,
0.07,130.0,1.0,1.49809668558e+11,
0.07,130.0,0.75,1.42429017847e+11,
0.07,130.0,0.5,1.32531498425e+11,
0.07,130.0,0.25,1.16479365079e+11,
0.07,110.0,2.0,1.07131397117e+11,
0.07,110.0,1.75,1.03970680429e+11,
0.07,110.0,1.5,1.00599434602e+11,
0.07,110.0,1.25,96911296157.8,
0.07,110.0,1.0,92740723330.4,
0.07,110.0,0.75,87773894506.0,
0.07,110.0,0.5,81302532597.0,
0.07,110.0,0.25,71123327255.4,
0.07,70.0,2.0,35656068491.5,
0.07,70.0,1.75,33691545111.2,
0.07,70.0,1.5,31711512532.7,
0.07,70.0,1.25,29690920553.6,
0.07,70.0,1.0,27587060640.6,
0.07,70.0,0.75,25322332510.9,
0.07,70.0,0.5,22720248402.3,
0.07,70.0,0.25,19233627257.7,
0.07,100.0,2.0,83168545058.0,
0.07,100.0,1.75,80414652716.6,
0.07,100.0,1.5,77516825183.5,
0.07,100.0,1.25,74394750191.6,
0.07,100.0,1.0,70924509239.1,
0.07,100.0,0.75,66871554339.1,
0.07,100.0,0.5,61703446369.9,
0.07,100.0,0.25,53767726780.5,
0.07,120.0,2.0,1.35899634728e+11,
0.07,120.0,1.75,1.3224394568e+11,
0.07,120.0,1.5,1.28297128409e+11,
0.07,120.0,1.25,1.23922124582e+11,
0.07,120.0,1.0,1.18903799094e+11,
0.07,120.0,0.75,1.12833650687e+11,
0.07,120.0,0.5,1.04793928515e+11,
0.07,90.0,2.0,63567073985.0,
0.07,120.0,0.25,91922846226.6,
0.07,90.0,1.75,61141614824.5,
0.07,90.0,1.5,58625898814.0,
0.07,90.0,1.25,55961360452.0,
0.07,90.0,1.0,53058697728.8,
0.07,90.0,0.75,49748213876.6,
0.07,90.0,0.5,45642756747.6,
0.07,90.0,0.25,39542963834.2,
0.07,80.0,2.0,47880039639.9,
0.07,80.0,1.75,45714589711.6,
0.07,80.0,1.5,43500924056.7,
0.07,80.0,1.25,41198436721.6,
0.07,80.0,1.0,38745888635.3,
0.07,80.0,0.75,36025029197.2,
0.07,80.0,0.5,32766443241.5,
0.07,80.0,0.25,28135957740.2,
0.08,80.0,2.0,46617427540.7,
0.08,80.0,1.75,44618841185.4,
0.08,80.0,1.5,42572703676.2,
0.08,80.0,1.25,40438160895.1,
0.08,80.0,1.0,38154666895.8,
0.08,80.0,0.75,35605993333.2,
0.08,80.0,0.5,32521485643.0,
0.08,80.0,0.25,28063970481.9,
0.08,70.0,2.0,34551651048.8,
0.08,70.0,1.75,32735059475.3,
0.08,70.0,1.5,30902354120.4,
0.08,70.0,1.25,29028204535.9,
0.08,70.0,1.0,27072241234.3,
0.08,70.0,0.75,24957476845.2,
0.08,70.0,0.5,22506676149.3,
0.08,70.0,0.25,19170640521.2,
0.08,90.0,2.0,62141893112.1,
0.08,90.0,1.75,59903573937.6,
0.08,90.0,1.5,57576307323.7,
0.08,90.0,1.25,55101515587.7,
0.08,90.0,1.0,52390066068.0,
0.08,90.0,0.75,49274636931.7,
0.08,90.0,0.5,45366364802.1,
0.08,90.0,0.25,39461977453.1,
0.07,140.0,2.0,2.09618398089e+11,
0.07,140.0,1.75,2.04671094624e+11,
0.07,140.0,1.5,1.99225204178e+11,
0.07,140.0,1.25,1.93066791554e+11,
0.07,140.0,1.0,1.85853969494e+11,
0.07,140.0,0.75,1.76938075249e+11,
0.07,140.0,0.5,1.64869084673e+11,
0.07,140.0,0.25,1.45105965559e+11,
0.08,110.0,2.0,1.05372471996e+11,
0.08,110.0,1.75,1.02442110607e+11,
0.08,110.0,1.5,99303325283.6,
0.08,110.0,1.25,95849581073.4,
0.08,110.0,1.0,91916066720.5,
0.08,110.0,0.75,87190903145.1,
0.08,110.0,0.5,80963285169.4,
0.08,110.0,0.25,71024344632.2,
0.07,150.0,2.0,2.55448925913e+11,
0.07,150.0,1.75,2.49687089972e+11,
0.07,150.0,1.5,2.43297626266e+11,
0.07,150.0,1.25,2.36019546071e+11,
0.07,150.0,1.0,2.27432174127e+11,
0.07,150.0,0.75,2.16738841084e+11,
0.07,150.0,0.5,2.02160520134e+11,
0.07,150.0,0.25,1.78115729694e+11,
0.08,100.0,2.0,81577518748.7,
0.08,100.0,1.75,79032039569.4,
0.08,100.0,1.5,76344405772.3,
0.08,100.0,1.25,73434247999.8,
0.08,100.0,1.0,70177974425.9,
0.08,100.0,0.75,66343290787.5,
0.08,100.0,0.5,61395618368.2,
0.08,100.0,0.25,53677742055.2,
0.08,150.0,2.0,2.53010529765e+11,
0.08,150.0,1.75,2.47569714811e+11,
0.08,150.0,1.5,2.41503877657e+11,
0.08,150.0,1.25,2.34551704967e+11,
0.08,150.0,1.0,2.26294854009e+11,
0.08,150.0,0.75,2.15937182184e+11,
0.08,150.0,0.5,2.01695817166e+11,
0.08,150.0,0.25,1.77980757212e+11,
0.09,90.0,2.0,60724588525.3,
0.09,90.0,1.75,58671385227.5,
0.09,90.0,1.5,56530877296.9,
0.09,90.0,1.25,54244647301.8,
0.09,90.0,1.0,51723084156.7,
0.09,90.0,0.75,48801769136.7,
0.09,90.0,0.5,45090146398.4,
0.09,90.0,0.25,39380989810.6,
0.09,80.0,2.0,45363083008.1,
0.09,80.0,1.75,43529295843.3,
0.09,80.0,1.5,41648929042.1,
0.09,80.0,1.25,39681197044.5,
0.09,80.0,1.0,37565273080.7,
0.09,80.0,0.75,35187754412.7,
0.09,80.0,0.5,32276727963.8,
0.09,80.0,0.25,27991981808.9,
0.08,120.0,2.0,1.33971589989e+11,
0.08,120.0,1.75,1.30568624708e+11,
0.08,120.0,1.5,1.26876852674e+11,
0.08,120.0,1.25,1.22758939039e+11,
0.08,120.0,1.0,1.1800094581e+11,
0.08,120.0,0.75,1.12195939696e+11,
0.08,120.0,0.5,1.04423284172e+11,
0.08,120.0,0.25,91814865966.1,
0.08,130.0,2.0,1.67817288045e+11,
0.08,130.0,1.75,1.6384444663e+11,
0.08,130.0,1.5,1.59487278252e+11,
0.08,130.0,1.25,1.54572666398e+11,
0.08,130.0,1.0,1.48828617795e+11,
0.08,130.0,0.75,1.41736617646e+11,
0.08,130.0,0.5,1.32129480296e+11,
0.08,130.0,0.25,1.16362387334e+11,
0.08,140.0,2.0,2.07350355868e+11,
0.08,140.0,1.75,2.02701195735e+11,
0.08,140.0,1.5,1.97555999657e+11,
0.08,140.0,1.25,1.91700474672e+11,
0.08,140.0,1.0,1.84794757408e+11,
0.08,140.0,0.75,1.7619102503e+11,
0.08,140.0,0.5,1.64435714396e+11,
0.08,140.0,0.25,1.4497999042e+11,
0.09,70.0,2.0,33455430950.4,
0.09,70.0,1.75,31784774332.6,
0.09,70.0,1.5,30098133471.6,
0.09,70.0,1.25,28369064016.6,
0.09,70.0,1.0,26559436981.8,
0.09,70.0,0.75,24593519468.4,
0.09,70.0,0.5,22293336743.0,
0.09,70.0,0.25,19107652180.9,
0.1,70.0,2.0,32367600810.0,
0.1,70.0,1.75,30840821200.9,
0.1,70.0,1.5,29298447013.3,
0.1,70.0,1.25,27713551213.5,
0.1,70.0,1.0,26048672409.0,
0.1,70.0,0.75,24230469082.3,
0.1,70.0,0.5,22080232237.6,
0.1,70.0,0.25,19044662229.9,
0.09,140.0,2.0,2.05087949984e+11,
0.09,140.0,1.75,2.00735450769e+11,
0.09,140.0,1.5,1.95889750932e+11,
0.09,140.0,1.25,1.90336139193e+11,
0.09,140.0,1.0,1.83736600397e+11,
0.09,140.0,0.75,1.75444416313e+11,
0.09,140.0,0.5,1.64002444768e+11,
0.09,140.0,0.25,1.44854014476e+11,
0.09,130.0,2.0,1.65725444748e+11,
0.09,130.0,1.75,1.62026372228e+11,
0.09,130.0,1.5,1.5794573559e+11,
0.09,130.0,1.25,1.53310055439e+11,
0.09,130.0,1.0,1.47848707824e+11,
0.09,130.0,0.75,1.41044696092e+11,
0.09,130.0,0.5,1.31727572373e+11,
0.09,130.0,0.25,1.16245408721e+11,
0.09,110.0,2.0,1.03620446054e+11,
0.09,110.0,1.75,1.00918624229e+11,
0.09,110.0,1.5,98010814106.2,
0.09,120.0,2.0,1.32049982216e+11,
0.09,110.0,1.25,94790392026.8,
0.09,120.0,1.75,1.288980423e+11,
0.09,110.0,1.0,91092766585.3,
0.09,120.0,1.5,1.2545993396e+11,
0.09,110.0,0.75,86608485620.1,
0.09,120.0,1.25,1.21598072132e+11,
0.09,110.0,0.5,80624173222.6,
0.09,120.0,1.0,1.17099332847e+11,
0.09,110.0,0.25,70925360977.4,
0.09,120.0,0.75,1.11558750936e+11,
0.09,120.0,0.5,1.04052761465e+11,
0.09,120.0,0.25,91706884761.8,
0.09,100.0,2.0,79993882904.4,
0.09,100.0,1.75,77654886815.0,
0.09,100.0,1.5,75175854682.6,
0.09,100.0,1.25,72476492446.5,
0.09,100.0,1.0,69432931832.3,
0.09,100.0,0.75,65815662649.6,
0.09,100.0,0.5,61087942836.4,
0.09,100.0,0.25,53587756194.1,
0.09,150.0,2.0,2.50577430516e+11,
0.09,150.0,1.75,2.45456248557e+11,
0.09,150.0,1.5,2.39712918154e+11,
0.09,150.0,1.25,2.33085708276e+11,
0.09,150.0,1.0,2.25158514667e+11,
0.09,150.0,0.75,2.1513593284e+11,
0.09,150.0,0.5,2.01231206762e+11,
0.09,150.0,0.25,1.7784578398e+11,
0.1,110.0,2.0,1.01875358685e+11,
0.1,110.0,1.75,99400232590.2,
0.1,110.0,1.5,96721892443.7,
0.1,110.0,1.25,93733726534.7,
0.1,110.0,1.0,90270830775.3,
0.1,110.0,0.75,86026644593.5,
0.1,110.0,0.5,80285197445.7,
0.1,110.0,0.25,70826376287.6,
0.1,130.0,2.0,1.63639637955e+11,
0.1,130.0,1.75,1.6021272963e+11,
0.1,130.0,1.5,1.56407326501e+11,
0.1,130.0,1.25,1.52049594081e+11,
0.1,130.0,1.0,1.46869943544e+11,
0.1,130.0,0.75,1.40353254833e+11,
0.1,130.0,0.5,1.31325775088e+11,
0.1,130.0,0.25,1.16128429235e+11,
0.1,120.0,2.0,1.30134840338e+11,
0.1,120.0,1.75,1.27232204655e+11,
0.1,120.0,1.5,1.24046362527e+11,
0.1,120.0,1.25,1.20439537989e+11,
0.1,120.0,1.0,1.16198966368e+11,
0.1,120.0,0.75,1.10922086494e+11,
0.1,120.0,0.5,1.03682360945e+11,
0.1,120.0,0.25,91598902610.7,
0.1,80.0,2.0,44117097301.1,
0.1,80.0,1.75,42445992007.8,
0.1,80.0,1.5,40729598705.3,
0.1,80.0,1.25,38927384652.4,
0.1,80.0,1.0,36977725163.5,
0.1,80.0,0.75,34770318649.2,
0.1,80.0,0.5,32032171670.6,
0.1,80.0,0.25,27919991715.6,
0.1,100.0,2.0,78417690460.5,
0.1,100.0,1.75,76283212506.6,
0.1,100.0,1.5,74011164887.6,
0.1,100.0,1.25,71521354130.1,
0.1,100.0,1.0,68689391598.2,
0.1,100.0,0.75,65288673356.0,
0.1,100.0,0.5,60780420618.6,
0.1,100.0,0.25,53497769193.1,
0.1,90.0,2.0,59315230113.9,
0.1,90.0,1.75,57445075343.1,
0.1,90.0,1.5,55489603705.9,
0.1,90.0,1.25,53390578931.6,
0.1,90.0,1.0,51057765378.5,
0.1,90.0,0.75,48329615057.3,
0.1,90.0,0.5,44814102638.2,
0.1,90.0,0.25,39300000902.0,
0.1,140.0,2.0,2.02831195544e+11,
0.1,140.0,1.75,1.98773859637e+11,
0.1,140.0,1.5,1.9422644741e+11,
0.1,140.0,1.25,1.8897379429e+11,
0.1,140.0,1.0,1.82679502423e+11,
0.1,140.0,0.75,1.7469825043e+11,
0.1,140.0,0.5,1.63569276141e+11,
0.1,140.0,0.25,1.44728037725e+11,
0.11,120.0,2.0,1.2822619608e+11,
0.11,120.0,1.75,1.25571120711e+11,
0.11,120.0,1.5,1.22636131305e+11,
0.11,120.0,1.25,1.19283350636e+11,
0.11,120.0,1.0,1.15299852503e+11,
0.11,120.0,0.75,1.10285948421e+11,
0.11,120.0,0.5,1.03312083127e+11,
0.11,120.0,0.25,91490919509.5,
0.11,90.0,2.0,57913894911.2,
0.11,90.0,1.75,56224678031.4,
0.11,90.0,1.5,54452488524.5,
0.11,90.0,1.25,52539276410.8,
0.11,90.0,1.0,50394123111.3,
0.11,90.0,0.75,47858179254.2,
0.11,90.0,0.5,44538234614.9,
0.11,90.0,0.25,39219010722.2,
0.11,110.0,2.0,1.00137252927e+11,
0.11,110.0,1.75,97886950562.0,
0.11,110.0,1.5,95436555170.1,
0.11,110.0,1.25,92679473749.4,
0.11,110.0,1.0,89450267092.9,
0.11,100.0,2.0,76848999358.2,
0.11,110.0,0.75,85445382677.4,
0.11,100.0,1.75,74917039641.7,
0.11,110.0,0.5,79946358475.6,
0.11,100.0,1.5,72850334216.1,
0.11,110.0,0.25,70727390559.1,
0.11,100.0,1.25,70568785903.0,
0.11,100.0,1.0,67947363866.0,
0.11,100.0,0.75,64762326338.7,
0.11,100.0,0.5,60473052557.9,
0.11,100.0,0.25,53407781048.0,
0.11,80.0,2.0,42879572235.0,
0.11,80.0,1.75,41368978525.7,
0.11,80.0,1.5,39814721641.2,
0.11,80.0,1.25,38176540804.5,
0.11,80.0,1.0,36392041127.7,
0.11,80.0,0.75,34353692273.1,
0.11,80.0,0.5,31787818243.2,
0.11,80.0,0.25,27848000196.0,
0.11,70.0,2.0,31288333852.8,
0.11,70.0,1.75,29903311346.8,
0.11,70.0,1.5,28503358126.7,
0.11,70.0,1.25,27061691802.3,
0.11,70.0,1.0,25539972023.4,
0.11,70.0,0.75,23868334391.2,
0.11,70.0,0.5,21867364683.7,
0.11,70.0,0.25,18981670660.7,
0.1,150.0,2.0,2.4814963888e+11,
0.1,150.0,1.75,2.43346689337e+11,
0.1,150.0,1.5,2.37924737228e+11,
0.1,150.0,1.25,2.31621563529e+11,
0.1,150.0,1.0,2.2402315934e+11,
0.1,150.0,0.75,2.14335094139e+11,
0.1,150.0,0.5,2.00766689211e+11,
0.1,150.0,0.25,1.77710809998e+11,
0.12,90.0,2.0,56520665685.6,
0.12,90.0,1.75,55010232785.2,
0.12,90.0,1.5,53419539406.0,
0.12,90.0,1.25,51690725746.8,
0.12,90.0,1.0,49732170732.6,
0.12,90.0,0.75,47387466290.4,
0.12,90.0,0.5,44262543421.7,
0.12,90.0,0.25,39138019266.3,
0.12,80.0,2.0,41650617536.7,
0.12,80.0,1.75,40298312218.6,
0.12,80.0,1.5,38904314749.2,
0.12,80.0,1.25,37428654507.4,
0.12,80.0,1.0,35808238912.2,
0.12,80.0,0.75,33937881481.6,
0.12,80.0,0.5,31543669123.7,
0.12,80.0,0.25,27776007244.1,
0.12,100.0,2.0,75287871712.2,
0.12,100.0,1.75,73556395362.9,
0.12,100.0,1.5,71693364571.1,
0.12,100.0,1.25,69618772856.4,
0.12,100.0,1.0,67206858774.8,
0.12,100.0,0.75,64236625025.2,
0.12,100.0,0.5,60165839491.3,
0.12,100.0,0.25,53317791754.5,
0.11,150.0,2.0,2.45727167005e+11,
0.11,150.0,1.75,2.41241036673e+11,
0.11,150.0,1.5,2.36139325716e+11,
0.11,150.0,1.25,2.30159278256e+11,
0.11,150.0,1.0,2.22888791266e+11,
0.11,150.0,0.75,2.13534667162e+11,
0.11,150.0,0.5,2.00302264798e+11,
0.11,150.0,0.25,1.77575835262e+11,
0.11,130.0,2.0,1.61559890901e+11,
0.11,130.0,1.75,1.58403523506e+11,
0.11,130.0,1.5,1.5487204273e+11,
0.11,130.0,1.25,1.50791293628e+11,
0.11,130.0,1.0,1.45892329855e+11,
0.11,130.0,0.75,1.39662295515e+11,
0.11,130.0,0.5,1.30924088869e+11,
0.11,130.0,0.25,1.16011448876e+11,
0.12,70.0,2.0,30217797213.2,
0.12,70.0,1.75,28972349659.2,
0.12,70.0,1.5,27712923331.7,
0.12,70.0,1.25,26413077015.6,
0.12,70.0,1.0,25033360262.5,
0.12,70.0,0.75,23507124058.9,
0.12,70.0,0.5,21654736086.3,
0.12,70.0,0.25,18918677465.8,
0.11,140.0,2.0,2.00580109428e+11,
0.11,140.0,1.75,1.96816423973e+11,
0.11,140.0,1.5,1.92566080182e+11,
0.11,140.0,1.25,1.87613449131e+11,
0.11,140.0,1.0,1.8162346744e+11,
0.11,140.0,0.75,1.73952528703e+11,
0.11,140.0,0.5,1.63136208859e+11,
0.11,140.0,0.25,1.44602060165e+11,
0.13,80.0,2.0,40430349069.0,
0.13,80.0,1.75,39234056208.6,
0.13,80.0,1.5,37998401231.2,
0.13,80.0,1.25,36683721001.7,
0.13,80.0,1.0,35226336469.7,
0.13,80.0,0.75,33522892501.6,
0.13,80.0,0.5,31299725781.3,
0.13,80.0,0.25,27704012853.7,
0.12,130.0,2.0,1.59486228807e+11,
0.12,130.0,1.75,1.56598760467e+11,
0.12,130.0,1.5,1.53339877914e+11,
0.12,130.0,1.25,1.49535165379e+11,
0.12,130.0,1.0,1.44915871655e+11,
0.12,130.0,0.75,1.38971819782e+11,
0.12,130.0,0.5,1.30522514144e+11,
0.12,130.0,0.25,1.15894467638e+11,
0.13,70.0,2.0,29156156757.7,
0.13,70.0,1.75,28048039800.5,
0.13,70.0,1.5,26927197737.7,
0.13,70.0,1.25,25767566368.6,
0.13,70.0,1.0,24528861521.3,
0.13,70.0,0.75,23146846746.7,
0.13,70.0,0.5,21442348445.1,
0.13,70.0,0.25,18855682637.6,
0.12,140.0,2.0,1.98334710152e+11,
0.12,140.0,1.75,1.9486314701e+11,
0.12,140.0,1.5,1.90908641896e+11,
0.12,140.0,1.25,1.86255112916e+11,
0.12,140.0,1.0,1.80568499438e+11,
0.12,140.0,0.75,1.73207252488e+11,
0.12,140.0,0.5,1.627032433e+11,
0.12,140.0,0.25,1.44476081792e+11,
0.12,110.0,2.0,98406175025.7,
0.12,110.0,1.75,96378796181.5,
0.12,110.0,1.5,94154800259.6,
0.12,110.0,1.25,91627601714.5,
0.12,110.0,1.0,88631083368.1,
0.12,110.0,0.75,84864702510.3,
0.12,110.0,0.5,79607656974.4,
0.12,110.0,0.25,70628403788.2,
0.12,120.0,2.0,1.26324083668e+11,
0.12,120.0,1.75,1.23914801855e+11,
0.12,120.0,1.5,1.21229235623e+11,
0.12,120.0,1.25,1.18129449606e+11,
0.12,120.0,1.0,1.14401997394e+11,
0.12,120.0,0.75,1.09650338779e+11,
0.12,120.0,0.5,1.02941928534e+11,
0.12,120.0,0.25,91382935455.0,
0.12,150.0,2.0,2.43310028376e+11,
0.12,150.0,1.75,2.3913929139e+11,
0.12,150.0,1.5,2.34356675728e+11,
0.12,150.0,1.25,2.28698860013e+11,
0.12,150.0,1.0,2.21755413711e+11,
0.12,150.0,0.75,2.12734653016e+11,
0.12,150.0,0.5,1.99837933831e+11,
0.12,150.0,0.25,1.77440859771e+11,
0.13,90.0,2.0,55135629848.8,
0.13,90.0,1.75,53801783809.4,
0.13,130.0,2.0,1.57418678681e+11,
0.13,90.0,1.5,52390768680.1,
0.13,130.0,1.75,1.54798448875e+11,
0.13,90.0,1.25,50844917549.7,
0.13,130.0,1.5,1.51810827398e+11,
0.13,90.0,1.0,49071921613.5,
0.13,130.0,1.25,1.48281220509e+11,
0.13,90.0,0.75,46917480727.2,
0.13,130.0,1.0,1.43940573854e+11,
0.13,90.0,0.5,43987030147.5,
0.13,130.0,0.75,1.38281829286e+11,
0.13,130.0,0.5,1.30121051346e+11,
0.13,90.0,0.25,39057026529.0,
0.13,130.0,0.25,1.1577748552e+11,
0.13,100.0,2.0,73734373159.9,
0.13,100.0,1.75,72201310340.3,
0.13,100.0,1.5,70540261330.6,
0.13,100.0,1.25,68671303488.7,
0.13,100.0,1.0,66467886458.7,
0.13,100.0,0.75,63711572838.8,
0.13,100.0,0.5,59858782249.6,
0.13,100.0,0.25,53227801308.0,
0.13,110.0,2.0,96682173985.9,
0.13,110.0,1.75,94875790217.8,
0.13,110.0,1.5,92876628363.8,
0.13,110.0,1.25,90578097864.7,
0.13,110.0,1.0,87813287439.4,
0.13,110.0,0.75,84284606737.7,
0.13,110.0,0.5,79269093610.0,
0.13,110.0,0.25,70529415970.9,
0.13,140.0,2.0,1.96095017626e+11,
0.13,140.0,1.75,1.92914033338e+11,
0.13,140.0,1.5,1.89254126526e+11,
0.13,140.0,1.25,1.84898794781e+11,
0.13,140.0,1.0,1.79514602338e+11,
0.13,140.0,0.75,1.72462423073e+11,
0.13,140.0,0.5,1.62270379772e+11,
0.13,140.0,0.25,1.44350102604e+11,
0.13,120.0,2.0,1.24428539525e+11,
0.13,120.0,1.75,1.22263261635e+11,
0.13,120.0,1.5,1.19825672919e+11,
0.13,120.0,1.25,1.16977764429e+11,
0.13,120.0,1.0,1.13505407184e+11,
0.13,120.0,0.75,1.09015259629e+11,
0.13,120.0,0.5,1.02571897689e+11,
0.13,120.0,0.25,91274950443.6,
0.13,150.0,2.0,2.40898237662e+11,
0.13,150.0,1.75,2.37041455469e+11,
0.13,150.0,1.5,2.32576780497e+11,
0.13,150.0,1.25,2.27240316338e+11,
0.13,150.0,1.0,2.20623029923e+11,
0.13,150.0,0.75,2.11935052794e+11,
0.13,150.0,0.5,1.99373696603e+11,
0.13,150.0,0.25,1.77305883521e+11,
0.14,120.0,2.0,1.22539602023e+11,
0.14,120.0,1.75,1.20616515523e+11,
0.14,120.0,1.5,1.1842544251e+11,
0.14,120.0,1.25,1.15828283925e+11,
0.14,120.0,1.0,1.12610088014e+11,
0.14,130.0,2.0,1.55357269124e+11,
0.14,120.0,0.75,1.08380713029e+11,
0.14,130.0,1.75,1.53002598649e+11,
0.14,120.0,0.5,1.02201991112e+11,
0.14,130.0,1.5,1.5028488805e+11,
0.14,120.0,0.25,91166964471.9,
0.14,130.0,1.25,1.47029399995e+11,
0.14,130.0,1.0,1.42966441348e+11,
0.14,130.0,0.75,1.37592325667e+11,
0.14,130.0,0.5,1.29719700897e+11,
0.14,130.0,0.25,1.15660502518e+11,
0.14,70.0,2.0,28103578940.5,
0.14,70.0,1.75,27130486316.8,
0.14,70.0,1.5,26146237349.7,
0.14,70.0,1.25,25125180597.1,
0.14,70.0,1.0,24026500136.5,
0.14,70.0,0.75,22787511108.2,
0.14,70.0,0.5,21230203749.9,
0.14,70.0,0.25,18792686168.3,
0.14,80.0,2.0,39218887287.9,
0.14,80.0,1.75,38176278478.7,
0.14,80.0,1.5,37097009205.1,
0.14,80.0,1.25,35941740398.2,
0.14,80.0,1.0,34646351677.6,
0.14,80.0,0.75,33108731504.4,
0.14,80.0,0.5,31055989626.4,
0.14,80.0,0.25,27632017018.4,
0.14,100.0,2.0,72188572314.3,
0.14,100.0,1.75,70851818257.2,
0.14,100.0,1.5,69391032850.9,
0.14,100.0,1.25,67726369217.9,
0.14,100.0,1.0,65730457045.8,
0.14,100.0,0.75,63187173198.3,
0.14,100.0,0.5,59551881657.1,
0.14,100.0,0.25,53137809704.0,
0.14,90.0,2.0,53758878527.2,
0.14,90.0,1.75,52599379151.2,
0.14,90.0,1.5,51366192513.3,
0.14,90.0,1.25,50001846207.5,
0.14,90.0,1.0,48413389078.0,
0.14,90.0,0.75,46448227085.4,
0.14,90.0,0.5,43711695837.9,
0.14,90.0,0.25,38976032504.9,
0.14,110.0,2.0,94965301156.4,
0.14,110.0,1.75,93377955775.7,
0.14,110.0,1.5,91602042426.3,
0.14,110.0,1.25,89530951875.0,
0.14,110.0,1.0,86996887095.2,
0.14,110.0,0.75,83705097954.7,
0.14,110.0,0.5,78930668998.6,
0.14,110.0,0.25,70430427103.1,
0.15,80.0,2.0,38016356190.2,
0.15,80.0,1.75,37125050930.5,
0.15,80.0,1.5,36200170820.2,
0.15,80.0,1.25,35202716819.1,
0.15,80.0,1.0,34068302403.5,
0.15,80.0,0.75,32695404676.5,
0.15,80.0,0.5,30812462082.8,
0.15,80.0,0.25,27560019731.5,
0.14,140.0,2.0,1.93861053178e+11,
0.14,140.0,1.75,1.90969088934e+11,
0.14,140.0,1.5,1.87602529401e+11,
0.14,140.0,1.25,1.83544503952e+11,
0.14,140.0,1.0,1.78461780159e+11,
0.14,140.0,0.75,1.71718041843e+11,
0.14,140.0,0.5,1.6183761868e+11,
0.14,140.0,0.25,1.44224122598e+11,
0.14,150.0,2.0,2.38491810619e+11,
0.14,150.0,1.75,2.34947531947e+11,
0.14,150.0,1.5,2.3079963429e+11,
0.14,150.0,1.25,2.25783654752e+11,
0.14,150.0,1.0,2.1949164313e+11,
0.14,150.0,0.75,2.11135867566e+11,
0.14,150.0,0.5,1.98909553386e+11,
0.14,150.0,0.25,1.7717090651e+11,
0.15,70.0,2.0,27060231017.0,
0.15,70.0,1.75,26219795073.6,
0.15,70.0,1.5,25370099649.9,
0.15,70.0,1.25,24485941853.1,
0.15,70.0,1.0,23526300361.3,
0.15,70.0,0.75,22429125772.6,
0.15,70.0,0.5,21018303966.6,
0.15,70.0,0.25,18729688049.7,
0.15,100.0,2.0,70650540304.9,
0.15,100.0,1.75,69507955386.0,
0.15,100.0,1.5,68245690059.9,
0.15,100.0,1.25,66783963984.3,
0.15,100.0,1.0,64994580656.9,
0.15,100.0,0.75,62663429517.3,
0.15,100.0,0.5,59245138532.0,
0.15,100.0,0.25,53047816937.6,
0.15,110.0,2.0,93255610046.7,
0.15,110.0,1.75,91885318134.3,
0.15,110.0,1.5,90331047532.0,
0.15,110.0,1.25,88486155515.8,
0.15,110.0,1.0,86181890198.2,
0.15,110.0,0.75,83126178831.0,
0.15,110.0,0.5,78592383830.3,
0.15,110.0,0.25,70331437180.7,
0.15,90.0,2.0,52390505940.7,
0.15,90.0,1.75,51403070140.5,
0.15,90.0,1.5,50345830381.6,
0.15,90.0,1.25,49161509373.9,
0.15,90.0,1.0,47756586496.8,
0.15,90.0,0.75,45979709942.2,
0.15,90.0,0.5,43436541593.8,
0.15,90.0,0.25,38895037188.4,
0.15,140.0,2.0,1.9163283923e+11,
0.15,140.0,1.75,1.89028320844e+11,
0.15,140.0,1.5,1.85953846887e+11,
0.15,140.0,1.25,1.82192249537e+11,
0.15,140.0,1.0,1.774100368e+11,
0.15,140.0,0.75,1.70974110058e+11,
0.15,140.0,0.5,1.61404960305e+11,
0.15,140.0,0.25,1.44098141772e+11,
0.16,70.0,2.0,26026280828.5,
0.16,70.0,1.75,25316073257.0,
0.16,70.0,1.5,24598843730.8,
0.16,70.0,1.25,23849873918.1,
0.16,70.0,1.0,23028286353.4,
0.16,70.0,0.75,22071699345.0,
0.16,70.0,0.5,20806651037.6,
0.16,70.0,0.25,18666688273.7,
0.16,90.0,2.0,51030608666.8,
0.16,90.0,1.75,50212910715.4,
0.16,90.0,1.5,49329704426.2,
0.16,90.0,1.25,48323907337.7,
0.16,90.0,1.0,47101527141.9,
0.16,90.0,0.75,45511933786.0,
0.16,90.0,0.5,43161568424.4,
0.16,90.0,0.25,38814040573.9,
0.15,130.0,2.0,1.5330203017e+11,
0.15,130.0,1.75,1.51211221121e+11,
0.15,130.0,1.5,1.48762058112e+11,
0.15,130.0,1.25,1.45779641513e+11,
0.15,130.0,1.0,1.41993479024e+11,
0.15,130.0,0.75,1.36903310554e+11,
0.15,130.0,0.5,1.29318463206e+11,
0.15,130.0,0.25,1.15543518629e+11,
0.16,80.0,2.0,36822882391.1,
0.16,80.0,1.75,36080448575.7,
0.15,150.0,2.0,2.36090764039e+11,
0.16,80.0,1.5,35307921506.3,
0.16,80.0,1.25,34466657673.1,
0.16,80.0,1.0,33492206475.0,
0.15,150.0,1.75,2.32857524873e+11,
0.16,80.0,0.75,32282918194.0,
0.16,80.0,0.5,30569144563.0,
0.16,80.0,0.25,27488020986.3,
0.15,150.0,1.5,2.29025232357e+11,
0.15,150.0,1.25,2.24328882789e+11,
0.15,150.0,1.0,2.18361256577e+11,
0.15,150.0,0.75,2.10337098416e+11,
0.15,150.0,0.5,1.98445504467e+11,
0.15,150.0,0.25,1.77035928737e+11,
0.15,120.0,2.0,1.20657311271e+11,
0.15,120.0,1.75,1.18974580712e+11,
0.15,120.0,1.5,1.170285454e+11,
0.15,120.0,1.25,1.14680998556e+11,
0.15,120.0,1.0,1.11716046032e+11,
0.15,120.0,0.75,1.07746701044e+11,
0.15,120.0,0.5,1.01832209328e+11,
0.15,120.0,0.25,91058977536.0,
0.16,100.0,2.0,69120350381.5,
0.16,100.0,1.75,68169760225.7,
0.16,100.0,1.5,67104246112.7,
0.16,100.0,1.25,65844083913.9,
0.16,140.0,2.0,1.89410399429e+11,
0.16,100.0,1.0,64260267404.2,
0.16,100.0,0.75,62140345204.8,
0.16,140.0,1.75,1.87091737316e+11,
0.16,100.0,0.5,58938553686.1,
0.16,100.0,0.25,52957823004.0,
0.16,140.0,1.5,1.84308076526e+11,
0.16,140.0,1.25,1.80842018283e+11,
0.16,140.0,1.0,1.76359376282e+11,
0.16,140.0,0.75,1.70230629107e+11,
0.16,140.0,0.5,1.60972405055e+11,
0.16,140.0,0.25,1.43972160121e+11,
0.16,120.0,2.0,1.18781708904e+11,
0.16,120.0,1.75,1.17337475918e+11,
0.16,120.0,1.5,1.15634984087e+11,
0.16,120.0,1.25,1.13535900244e+11,
0.16,120.0,1.0,1.10823287373e+11,
0.16,120.0,0.75,1.07113225726e+11,
0.16,120.0,0.5,1.01462552847e+11,
0.16,120.0,0.25,90950989632.2,
0.16,150.0,2.0,2.3369511568e+11,
0.16,150.0,1.75,2.30771439241e+11,
0.16,150.0,1.5,2.27253570874e+11,
0.16,150.0,1.25,2.22876008022e+11,
0.16,150.0,1.0,2.17231873548e+11,
0.16,150.0,0.75,2.0953874647e+11,
0.16,150.0,0.5,1.97981550171e+11,
0.16,150.0,0.25,1.76900950196e+11,
0.16,130.0,2.0,1.51252993163e+11,
0.16,130.0,1.75,1.49424328914e+11,
0.16,130.0,1.5,1.47242337092e+11,
0.16,130.0,1.25,1.44531936102e+11,
0.16,130.0,1.0,1.41021691775e+11,
0.16,130.0,0.75,1.36214785579e+11,
0.16,130.0,0.5,1.28917338688e+11,
0.16,130.0,0.25,1.1542653385e+11,
0.16,110.0,2.0,91553155887.7,
0.16,110.0,1.75,90397904325.1,
0.16,110.0,1.5,89063650493.6,
0.16,110.0,1.25,87443702244.5,
0.16,110.0,1.0,85368304506.7,
0.16,110.0,0.75,82547851931.8,
0.16,110.0,0.5,78254238689.3,
0.16,110.0,0.25,70232446199.3,
0.17,70.0,2.0,25001896411.3,
0.17,70.0,1.75,24419429201.0,
0.17,70.0,1.5,23832530249.6,
0.17,70.0,1.25,23217002229.0,
0.17,70.0,1.0,22532451807.7,
0.17,70.0,0.75,21715240430.2,
0.17,70.0,0.5,20595246909.3,
0.17,70.0,0.25,18603686831.7,
0.17,130.0,2.0,1.49210190629e+11,
0.17,130.0,1.75,1.4764193582e+11,
0.17,130.0,1.5,1.45725725636e+11,
0.17,130.0,1.25,1.43286275914e+11,
0.17,130.0,1.0,1.4005108449e+11,
0.17,130.0,0.75,1.35526752372e+11,
0.17,130.0,0.5,1.28516327754e+11,
0.17,130.0,0.25,1.15309548176e+11,
0.17,140.0,2.0,1.8719375831e+11,
0.17,140.0,1.75,1.85159347467e+11,
0.17,140.0,1.5,1.82665216706e+11,
0.17,140.0,1.25,1.79493724184e+11,
0.17,140.0,1.0,1.75309802498e+11,
0.17,140.0,0.75,1.69487600244e+11,
0.17,140.0,0.5,1.60539953204e+11,
0.17,140.0,0.25,1.43846177643e+11,
0.17,110.0,2.0,89857995600.0,
0.17,110.0,1.75,88915743121.5,
0.17,110.0,1.5,87799859854.0,
0.17,110.0,1.25,86403587213.9,
0.17,110.0,1.0,84556137885.0,
0.17,110.0,0.75,81970119930.6,
0.17,110.0,0.5,77916234267.8,
0.17,110.0,0.25,70133454154.5,
0.17,80.0,2.0,35638594372.1,
0.17,80.0,1.75,35042548901.2,
0.17,120.0,2.0,1.1691283793e+11,
0.17,80.0,1.5,34420299400.1,
0.17,120.0,1.75,1.15705221239e+11,
0.17,80.0,1.25,33733573109.0,
0.17,120.0,1.5,1.14244762424e+11,
0.17,80.0,1.0,32918081674.7,
0.17,120.0,1.25,1.12392982235e+11,
0.17,80.0,0.75,31871278222.1,
0.17,120.0,1.0,1.09931818165e+11,
0.17,80.0,0.5,30326038467.7,
0.17,120.0,0.75,1.06480289118e+11,
0.17,80.0,0.25,27416020775.9,
0.17,120.0,0.5,1.01093022172e+11,
0.17,120.0,0.25,90843000756.4,
0.17,100.0,2.0,67598077580.9,
0.17,100.0,1.75,66837273204.1,
0.17,100.0,1.5,65966716110.9,
0.17,100.0,1.25,64906727047.1,
0.17,100.0,1.0,63527527389.8,
0.17,100.0,0.75,61617923664.3,
0.17,100.0,0.5,58632127924.5,
0.17,100.0,0.25,52867827897.8,
0.17,90.0,2.0,49679285313.8,
0.17,90.0,1.75,49028957161.0,
0.17,90.0,1.5,48317839226.4,
0.17,90.0,1.25,47489042812.0,
0.17,90.0,1.0,46448224360.9,
0.17,90.0,0.75,45044903195.9,
0.17,90.0,0.5,42886777430.4,
0.17,90.0,0.25,38733042655.4,
0.18,110.0,2.0,88170187378.0,
0.18,110.0,1.75,87438864642.5,
0.18,110.0,1.5,86539685497.3,
0.18,110.0,1.25,85365806886.7,
0.18,110.0,1.0,83745398083.5,
0.18,110.0,0.75,81392985387.8,
0.18,110.0,0.5,77578371143.5,
0.18,110.0,0.25,70034461041.4,
0.18,100.0,2.0,66083798433.7,
0.18,100.0,1.75,65510536421.2,
0.18,100.0,1.5,64833116864.5,
0.18,100.0,1.25,63971893108.3,
0.18,100.0,1.0,62796370704.5,
0.18,100.0,0.75,61096168293.6,
0.18,120.0,2.0,1.15050742589e+11,
0.18,100.0,0.5,58325862046.3,
0.18,100.0,0.25,52777831613.9,
0.18,120.0,1.75,1.14077838025e+11,
0.18,120.0,1.5,1.12857885498e+11,
0.18,120.0,1.25,1.11252238977e+11,
0.18,120.0,1.0,1.09041644538e+11,
0.18,120.0,0.75,1.05847893267e+11,
0.18,120.0,0.5,1.00723617808e+11,
0.18,120.0,0.25,90735010904.4,
0.18,80.0,2.0,34463621837.1,
0.18,80.0,1.75,34011431346.8,
0.18,80.0,1.5,33537344885.6,
0.18,90.0,2.0,48336635899.6,
0.18,80.0,1.25,33003475583.8,
0.18,90.0,1.75,47851267553.5,
0.18,80.0,1.0,32345852535.7,
0.18,90.0,1.5,47310261275.0,
0.18,80.0,0.75,31460490914.2,
0.18,90.0,1.25,46656920422.3,
0.18,80.0,0.5,30083145186.3,
0.18,90.0,1.0,45796691383.0,
0.18,80.0,0.25,27344019093.0,
0.18,90.0,0.75,44578622646.6,
0.18,90.0,0.5,42612169604.8,
0.18,90.0,0.25,38652043426.8,
0.18,70.0,2.0,23987245455.9,
0.18,70.0,1.75,23529972067.7,
0.18,70.0,1.5,23071221235.9,
0.18,70.0,1.25,22587353750.6,
0.18,70.0,1.0,22038546528.2,
0.18,70.0,0.75,21359757591.0,
0.18,70.0,0.5,20384093489.7,
0.18,70.0,0.25,18540683715.0,
0.17,150.0,2.0,2.31304884103e+11,
0.17,150.0,1.75,2.28689280827e+11,
0.17,150.0,1.5,2.25484646775e+11,
0.17,150.0,1.25,2.21425037947e+11,
0.17,150.0,1.0,2.1610349725e+11,
0.17,150.0,0.75,2.08740812777e+11,
0.17,150.0,0.5,1.97517690749e+11,
0.17,150.0,0.25,1.76765970887e+11,
0.18,150.0,2.0,2.28920088692e+11,
0.18,150.0,1.75,2.26611056214e+11,
0.18,150.0,1.5,2.23718457782e+11,
0.18,150.0,1.25,2.19975980091e+11,
0.18,150.0,1.0,2.14976130925e+11,
0.18,150.0,0.75,2.07943298415e+11,
0.18,150.0,0.5,1.97053926481e+11,
0.18,150.0,0.25,1.76630990806e+11,
0.18,130.0,2.0,1.47173656193e+11,
0.18,130.0,1.75,1.45864056731e+11,
0.18,130.0,1.5,1.44212225472e+11,
0.18,130.0,1.25,1.42042654155e+11,
0.18,130.0,1.0,1.39081662093e+11,
0.18,130.0,0.75,1.34839212598e+11,
0.18,130.0,0.5,1.28115430846e+11,
0.18,130.0,0.25,1.15192561605e+11,
0.19,100.0,2.0,64577590708.0,
0.19,100.0,1.75,64189593429.0,
0.19,80.0,2.0,33298095152.1,
0.19,100.0,1.5,63703466689.3,
0.19,100.0,1.25,63039583312.1,
0.19,80.0,1.75,32987176869.7,
0.19,100.0,1.0,62066807426.3,
0.19,100.0,0.75,60575082485.2,
0.19,80.0,1.5,32659100223.6,
0.19,100.0,0.5,58019756843.6,
0.19,100.0,0.25,52687834146.8,
0.19,80.0,1.25,32276379521.3,
0.19,80.0,1.0,31775363611.5,
0.19,80.0,0.75,31050562410.9,
0.19,80.0,0.5,29840466096.4,
0.19,80.0,0.25,27272015930.3,
0.19,90.0,2.0,47002761622.4,
0.19,90.0,1.75,46679901599.0,
0.19,90.0,1.5,46306998852.0,
0.19,90.0,1.25,45827546597.1,
0.19,90.0,1.0,45146941472.0,
0.19,90.0,0.75,44113096666.3,
0.19,90.0,0.5,42337745994.9,
0.19,90.0,0.25,38571042881.8,
0.19,70.0,2.0,22982494754.3,
0.19,70.0,1.75,22647811521.1,
0.19,70.0,1.5,22314979892.8,
0.19,70.0,1.25,21960956841.0,
0.19,70.0,1.0,21546514085.7,
0.19,70.0,0.75,21005259370.3,
0.19,70.0,0.5,20173192674.0,
0.19,70.0,0.25,18477678914.8,
0.18,140.0,2.0,1.84982941464e+11,
0.18,140.0,1.75,1.83231161461e+11,
0.18,140.0,1.5,1.81025266836e+11,
0.18,140.0,1.25,1.78147351347e+11,
0.18,140.0,1.0,1.74261319478e+11,
0.18,140.0,0.75,1.68745024862e+11,
0.18,140.0,0.5,1.60107605166e+11,
0.18,140.0,0.25,1.43720194334e+11,
0.2,80.0,2.0,32142144832.8,
0.2,80.0,1.75,31969867560.8,
0.2,80.0,1.5,31785609233.6,
0.2,80.0,1.25,31552301022.7,
0.2,80.0,1.0,31206610457.7,
0.2,80.0,0.75,30641498839.5,
0.2,80.0,0.5,29598002563.4,
0.2,80.0,0.25,27200011280.0,
0.19,130.0,2.0,1.45143424392e+11,
0.19,150.0,2.0,2.26540749577e+11,
0.19,130.0,1.75,1.44090707448e+11,
0.19,130.0,1.5,1.42701839215e+11,
0.19,130.0,1.25,1.40801064897e+11,
0.19,130.0,1.0,1.38113429446e+11,
0.19,150.0,1.75,2.24536772719e+11,
0.19,130.0,0.75,1.3415216786e+11,
0.19,150.0,1.5,2.2195500233e+11,
0.19,130.0,0.5,1.2771464835e+11,
0.19,130.0,0.25,1.15075574131e+11,
0.19,150.0,1.25,2.18528807575e+11,
0.19,150.0,1.0,2.13849777811e+11,
0.19,150.0,0.75,2.07146204464e+11,
0.19,120.0,2.0,1.13195468212e+11,
0.19,150.0,0.5,1.96590257648e+11,
0.19,120.0,1.75,1.12455348748e+11,
0.19,150.0,0.25,1.76496009949e+11,
0.19,120.0,1.5,1.11474359508e+11,
0.19,120.0,1.25,1.10113666006e+11,
0.19,120.0,1.0,1.0815277262e+11,
0.19,120.0,0.75,1.05216040217e+11,
0.19,120.0,0.5,1.00354340259e+11,
0.19,120.0,0.25,90627020071.8,
0.2,70.0,2.0,21987809619.9,
0.2,70.0,1.75,21773057377.4,
0.2,70.0,1.5,21563870375.8,
0.2,70.0,1.25,21337841094.3,
0.2,70.0,1.0,21056360894.6,
0.19,110.0,2.0,86489790694.4,
0.2,70.0,0.75,20651754307.3,
0.2,70.0,0.5,19962546362.4,
0.19,110.0,1.75,85967300377.8,
0.2,70.0,0.25,18414672421.8,
0.19,110.0,1.5,85283138686.1,
0.19,110.0,1.25,84330359079.4,
0.19,110.0,1.0,82936092934.4,
0.19,110.0,0.75,80816450949.0,
0.19,110.0,0.5,77240649979.5,
0.19,110.0,0.25,69935466855.2,
0.19,140.0,2.0,1.82777975195e+11,
0.19,140.0,1.75,1.81307190159e+11,
0.19,140.0,1.5,1.79388227008e+11,
0.19,140.0,1.25,1.76802892939e+11,
0.19,140.0,1.0,1.73213931102e+11,
0.19,140.0,0.75,1.68002904202e+11,
0.19,140.0,0.5,1.59675361201e+11,
0.19,140.0,0.25,1.43594210192e+11,
0.2,90.0,2.0,45677764469.7,
0.2,90.0,1.75,45514920311.9,
0.2,90.0,1.5,45308081738.0,
0.2,90.0,1.25,45000929295.1,
0.2,90.0,1.0,44498918403.9,
0.2,90.0,0.75,43648329781.9,
0.2,90.0,0.5,42063507646.7,
0.2,90.0,0.25,38490041013.7,
0.2,150.0,2.0,2.241668876e+11,
0.2,150.0,1.75,2.22466438358e+11,
0.2,150.0,1.5,2.20194279542e+11,
0.2,150.0,1.25,2.17083443512e+11,
0.2,150.0,1.0,2.1272444118e+11,
0.2,150.0,0.75,2.06349532035e+11,
0.2,150.0,0.5,1.96126684561e+11,
0.2,150.0,0.25,1.76361028313e+11,
0.2,100.0,2.0,63079533181.1,
0.2,100.0,1.75,62874489041.5,
0.2,100.0,1.5,62577785235.8,
0.2,100.0,1.25,62109800199.8,
0.2,100.0,1.0,61338847625.5,
0.2,100.0,0.75,60054669631.9,
0.2,100.0,0.5,57713813108.7,
0.2,100.0,0.25,52597835490.5,
0.2,130.0,2.0,1.43119530664e+11,
0.2,130.0,1.75,1.42321904692e+11,
0.2,130.0,1.5,1.41194570385e+11,
0.2,130.0,1.25,1.39561503091e+11,
0.2,130.0,1.0,1.37146391426e+11,
0.2,130.0,0.75,1.33465619773e+11,
0.2,130.0,0.5,1.2731398066e+11,
0.2,130.0,0.25,1.14958585752e+11,
0.2,140.0,2.0,1.80578886722e+11,
0.2,140.0,1.75,1.79387445339e+11,
0.2,140.0,1.5,1.77754098209e+11,
0.2,140.0,1.25,1.75460343009e+11,
0.2,140.0,1.0,1.72167641396e+11,
0.2,140.0,0.75,1.67261239655e+11,
0.2,140.0,0.5,1.5924322172e+11,
0.2,140.0,0.25,1.43468225211e+11,
0.2,120.0,2.0,1.11347061108e+11,
0.2,120.0,1.75,1.10837776904e+11,
0.2,120.0,1.5,1.10094191668e+11,
0.2,120.0,1.25,1.08977259848e+11,
0.2,120.0,1.0,1.07265208534e+11,
0.2,120.0,0.75,1.04584732009e+11,
0.2,120.0,0.5,99985190022.5,
0.2,120.0,0.25,90519028254.1,
0.2,110.0,2.0,84816866008.8,
0.2,110.0,1.75,84501082916.9,
0.2,110.0,1.5,84030231799.8,
0.2,110.0,1.25,83297242704.3,
0.2,110.0,1.0,82128230213.1,
0.2,110.0,0.75,80240519205.4,
0.2,110.0,0.5,76903071383.3,
0.2,110.0,0.25,69836471590.9,
0.21,110.0,2.0,83151474659.6,
0.21,110.0,1.75,83040245862.7,
0.21,110.0,1.5,82780978258.4,
0.21,110.0,1.25,82266457698.1,
0.21,110.0,1.0,81321817680.5,
0.21,120.0,2.0,1.09505568443e+11,
0.21,110.0,0.75,79665192737.7,
0.21,110.0,0.5,76565635951.5,
0.21,120.0,1.75,1.09225146899e+11,
0.21,110.0,0.25,69737475243.2,
0.21,120.0,1.5,1.08717390104e+11,
0.21,120.0,1.25,1.07843017922e+11,
0.21,120.0,1.0,1.06378958398e+11,
0.21,120.0,0.75,1.03953970682e+11,
0.21,120.0,0.5,99616167595.1,
0.21,120.0,0.25,90411035446.7,
0.21,130.0,2.0,1.41102011262e+11,
0.21,130.0,1.75,1.40557666009e+11,
0.21,130.0,1.5,1.39690423317e+11,
0.21,130.0,1.25,1.38323964487e+11,
0.21,130.0,1.0,1.36180552924e+11,
0.21,130.0,0.75,1.32779569971e+11,
0.21,130.0,0.5,1.2691342819e+11,
0.21,130.0,0.25,1.14841596462e+11,
0.21,90.0,2.0,44705977377.8,
0.21,90.0,1.75,44356385727.9,
0.21,90.0,1.5,44313540961.1,
0.21,90.0,1.25,44177077767.8,
0.21,100.0,2.0,61607147923.6,
0.21,90.0,1.0,43852494975.2,
0.21,90.0,0.75,43184326465.5,
0.21,100.0,1.75,61565269181.4,
0.21,90.0,0.5,41789455550.3,
0.21,100.0,1.5,61456093354.8,
0.21,90.0,0.25,38409037815.9,
0.21,80.0,2.0,30995901072.7,
0.21,100.0,1.25,61182547514.0,
0.21,100.0,1.0,60612501378.2,
0.21,100.0,0.75,59534933141.9,
0.21,100.0,0.5,57408031649.6,
0.21,100.0,0.25,52507835639.4,
0.21,80.0,1.75,30959586302.3,
0.21,80.0,1.5,30916917020.4,
0.21,80.0,1.25,30831257623.7,
0.21,80.0,1.0,30639592864.9,
0.21,80.0,0.75,30233306313.0,
0.21,80.0,0.5,29355755941.4,
0.21,80.0,0.25,27128005134.4,
0.21,70.0,2.0,21003353280.8,
0.21,70.0,1.75,20905819232.0,
0.21,70.0,1.5,20817957553.7,
0.21,70.0,1.25,20718037163.7,
0.21,70.0,1.0,20568094483.9,
0.21,70.0,0.75,20299250909.9,
0.21,70.0,0.5,19752156433.6,
0.21,70.0,0.25,18351664226.5,
0.21,140.0,2.0,1.78385703851e+11,
0.21,140.0,1.75,1.77471939362e+11,
0.21,140.0,1.5,1.76122881996e+11,
0.21,140.0,1.25,1.74119696156e+11,
0.21,140.0,1.0,1.71122454248e+11,
0.21,140.0,0.75,1.6652003247e+11,
0.21,140.0,0.5,1.5881118699e+11,
0.21,140.0,0.25,1.43342239388e+11,
0.21,150.0,2.0,2.21798524192e+11,
0.21,150.0,1.75,2.2040006173e+11,
0.21,150.0,1.5,2.18436289104e+11,
0.21,150.0,1.25,2.15639879109e+11,
0.21,150.0,1.0,2.11600124251e+11,
0.21,150.0,0.75,2.05553282186e+11,
0.21,150.0,0.5,1.95663207482e+11,
0.21,150.0,0.25,1.76226045894e+11,
0.22,110.0,2.0,85530526459.9,
0.22,110.0,1.75,82300555933.0,
0.22,110.0,1.5,81535392498.6,
0.22,110.0,1.25,81238005003.6,
0.22,110.0,1.0,80516863164.5,
0.22,110.0,0.75,79090474198.7,
0.22,110.0,0.5,76228344353.7,
0.22,110.0,0.25,69638477806.4,
0.22,120.0,2.0,1.08390721434e+11,
0.22,120.0,1.75,1.07617483984e+11,
0.22,120.0,1.5,1.07343963789e+11,
0.22,120.0,1.25,1.06710938477e+11,
0.22,120.0,1.0,1.05494028327e+11,
0.22,120.0,0.75,1.03323758271e+11,
0.22,120.0,0.5,99247273468.9,
0.22,120.0,0.25,90303041644.4,
0.22,150.0,2.0,2.19435681384e+11,
0.22,150.0,1.75,2.18337652025e+11,
0.22,150.0,1.5,2.16681031282e+11,
0.22,150.0,1.25,2.1419810892e+11,
0.22,150.0,1.0,2.10476830246e+11,
0.22,150.0,0.75,2.0475745598e+11,
0.22,150.0,0.5,1.95199826674e+11,
0.22,150.0,0.25,1.7609106269e+11,
0.22,140.0,2.0,1.76198455152e+11,
0.22,140.0,1.75,1.75560685361e+11,
0.22,140.0,1.5,1.74494580683e+11,
0.22,140.0,1.25,1.7278094772e+11,
0.22,140.0,1.0,1.70078373647e+11,
0.22,140.0,0.75,1.65779283999e+11,
0.22,140.0,0.5,1.58379257386e+11,
0.22,140.0,0.25,1.4321625272e+11,
0.22,130.0,2.0,1.39090903184e+11,
0.22,130.0,1.75,1.38798009719e+11,
0.22,130.0,1.5,1.38189403112e+11,
0.22,130.0,1.25,1.37088445582e+11,
0.22,130.0,1.0,1.35215918851e+11,
0.22,130.0,0.75,1.32094020107e+11,
0.22,130.0,0.5,1.26512991373e+11,
0.22,130.0,0.25,1.14724606258e+11,
0.23,140.0,2.0,1.74017169742e+11,
0.23,140.0,1.75,1.73653697018e+11,
0.23,140.0,1.5,1.72869197128e+11,
0.23,140.0,1.25,1.71444093569e+11,
0.23,140.0,1.0,1.69035403526e+11,
0.23,140.0,0.75,1.65038995539e+11,
0.23,140.0,0.5,1.57947433222e+11,
0.23,140.0,0.25,1.43090265201e+11,
0.23,130.0,2.0,1.38798048915e+11,
0.23,130.0,1.75,1.37042954756e+11,
0.23,130.0,1.5,1.36691515478e+11,
0.23,130.0,1.25,1.35854943464e+11,
0.23,130.0,1.0,1.34252494036e+11,
0.23,130.0,0.75,1.3140897175e+11,
0.23,130.0,0.5,1.26112670558e+11,
0.23,130.0,0.25,1.14607615134e+11,
0.23,150.0,2.0,2.17078381758e+11,
0.23,150.0,1.75,2.16279218988e+11,
0.23,150.0,1.5,2.14928506881e+11,
0.23,150.0,1.25,2.12758128027e+11,
0.23,150.0,1.0,2.09354562401e+11,
0.23,150.0,0.75,2.0396205449e+11,
0.23,150.0,0.5,1.94736542412e+11,
0.23,150.0,0.25,1.75956078696e+11,
0.23,120.0,2.0,1.11644540278e+11,
0.23,120.0,1.75,1.07486428711e+11,
0.23,120.0,1.5,1.0597392246e+11,
0.23,120.0,1.25,1.05581020511e+11,
0.23,120.0,1.0,1.04610424428e+11,
0.23,120.0,0.75,1.02694096806e+11,
0.23,120.0,0.5,98878508132.7,
0.23,120.0,0.25,90195046842.3,
0.24,130.0,2.0,1.41710004645e+11,
0.24,130.0,1.75,1.36553891016e+11,
0.24,130.0,1.5,1.35196766814e+11,
0.24,130.0,1.25,1.34623455894e+11,
0.24,130.0,1.0,1.33290283362e+11,
0.24,130.0,0.75,1.30724426528e+11,
0.24,130.0,0.5,1.25712466153e+11,
0.24,130.0,0.25,1.14490623086e+11,
0.24,140.0,2.0,1.73288773456e+11,
0.24,140.0,1.75,1.71750988586e+11,
0.24,140.0,1.5,1.71246734745e+11,
0.24,140.0,1.25,1.70109130115e+11,
0.24,140.0,1.0,1.67993547801e+11,
0.24,140.0,0.75,1.64299168368e+11,
0.24,140.0,0.5,1.57515714798e+11,
0.24,140.0,0.25,1.42964276828e+11,
0.24,150.0,2.0,2.14726648407e+11,
0.24,150.0,1.75,2.1422477287e+11,
0.24,150.0,1.5,2.13178717209e+11,
0.24,150.0,1.25,2.11319931997e+11,
0.24,150.0,1.0,2.08233323944e+11,
0.24,150.0,0.75,2.03167078786e+11,
0.24,150.0,0.5,1.94273354969e+11,
0.24,150.0,0.25,1.75821093908e+11,
0.25,150.0,2.0,2.12380504911e+11,
0.25,150.0,1.75,2.12174324416e+11,
0.25,150.0,1.5,2.11431664051e+11,
0.25,150.0,1.25,2.09883516871e+11,
0.25,150.0,1.0,2.0711311812e+11,
0.25,150.0,0.75,2.02372529953e+11,
0.25,150.0,0.5,1.93810264631e+11,
0.25,150.0,0.25,1.75686108321e+11,
0.25,140.0,2.0,1.76225199825e+11,
0.25,140.0,1.75,1.69937097934e+11,
0.25,140.0,1.5,1.69627197564e+11,
0.25,140.0,1.25,1.6877605437e+11,
0.25,140.0,1.0,1.66952810484e+11,
0.25,140.0,0.75,1.63559803863e+11,
0.25,140.0,0.5,1.57084102513e+11,
0.25,140.0,0.25,1.42838287596e+11,
0.26,150.0,2.0,2.15636510404e+11,
0.26,150.0,1.75,2.10127884803e+11,
0.26,150.0,1.5,2.09687349622e+11,
0.26,150.0,1.25,2.08448879101e+11,
0.26,150.0,1.0,2.05993948165e+11,
0.26,150.0,0.75,2.01578409069e+11,
0.26,150.0,0.5,1.93347271681e+11,
0.26,150.0,0.25,1.75551121932e+11,
0.27,150.0,2.0,2.18096918519e+11,
0.27,150.0,1.75,2.10371394615e+11,
0.27,150.0,1.5,2.07945776515e+11,
0.27,150.0,1.25,2.07016015511e+11,
0.27,150.0,1.0,2.04875817277e+11,
0.27,150.0,0.75,2.00784717172e+11,
0.27,150.0,0.5,1.92884376359e+11,
0.27,150.0,0.25,1.75416134735e+11,
